{"cameraMode":{"drawMode":0,"name":"Shaded","section":"Shading Mode"},"sceneLighting":true,"audioPlay":false,"sceneViewState":{"m_AlwaysRefresh":false,"showFog":true,"showSkybox":true,"showFlares":true,"showImageEffects":true,"showParticleSystems":true,"showVisualEffectGraphs":true,"m_FxEnabled":false},"in2DMode":false,"pivot":{"x":0.01101028174161911,"y":0.2056957185268402,"z":-40.23894119262695},"rotation":{"x":0.07774750143289566,"y":-0.8226150274276733,"z":0.11601021885871887,"w":0.5512344837188721},"size":0.2660253643989563,"orthographic":false}