{"cameraMode":{"drawMode":0,"name":"Shaded","section":"Shading Mode"},"sceneLighting":true,"audioPlay":false,"sceneViewState":{"m_AlwaysRefresh":false,"showFog":true,"showSkybox":true,"showFlares":true,"showImageEffects":true,"showParticleSystems":true,"showVisualEffectGraphs":true,"m_FxEnabled":false},"in2DMode":false,"pivot":{"x":-2.2936153411865236,"y":15.454544067382813,"z":3.9539284706115724},"rotation":{"x":-0.3865463435649872,"y":-0.06134544312953949,"z":0.025776566937565805,"w":-0.9198845028877258},"size":13.473502159118653,"orthographic":false}