{"cameraMode":{"drawMode":0,"name":"Shaded","section":"Shading Mode"},"sceneLighting":true,"audioPlay":false,"sceneViewState":{"m_AlwaysRefresh":false,"showFog":true,"showSkybox":true,"showFlares":true,"showImageEffects":true,"showParticleSystems":true,"showVisualEffectGraphs":true,"m_FxEnabled":true},"in2DMode":false,"pivot":{"x":-4.351305961608887,"y":-2.8958511352539064,"z":1.6554150581359864},"rotation":{"x":0.5193929672241211,"y":-0.32091477513313296,"z":0.21897278726100923,"w":0.7611275911331177},"size":19.678442001342775,"orthographic":false}