{"cameraMode":{"drawMode":0,"name":"Shaded","section":"Shading Mode"},"sceneLighting":true,"audioPlay":false,"sceneViewState":{"m_AlwaysRefresh":false,"showFog":true,"showSkybox":true,"showFlares":true,"showImageEffects":true,"showParticleSystems":true,"showVisualEffectGraphs":true,"m_FxEnabled":false},"in2DMode":false,"pivot":{"x":-0.000005364418029785156,"y":1.2835553884506226,"z":-39.94497299194336},"rotation":{"x":0.4514310657978058,"y":-0.38221296668052676,"z":0.22257164120674134,"w":0.775029182434082},"size":1.9179173707962037,"orthographic":false}