{"cameraMode":{"drawMode":0,"name":"Shaded","section":"Shading Mode"},"sceneLighting":true,"audioPlay":false,"sceneViewState":{"m_AlwaysRefresh":false,"showFog":true,"showSkybox":true,"showFlares":true,"showImageEffects":true,"showParticleSystems":true,"showVisualEffectGraphs":true,"m_FxEnabled":true},"in2DMode":false,"pivot":{"x":-0.5312149524688721,"y":1.645809531211853,"z":0.9159817695617676},"rotation":{"x":-0.12037260830402374,"y":-0.38189008831977847,"z":0.050241921097040179,"w":-0.9149585962295532},"size":1.917917251586914,"orthographic":false}