{"cameraMode":{"drawMode":0,"name":"Shaded","section":"Shading Mode"},"sceneLighting":true,"audioPlay":false,"sceneViewState":{"m_AlwaysRefresh":false,"showFog":true,"showSkybox":true,"showFlares":true,"showImageEffects":true,"showParticleSystems":true,"showVisualEffectGraphs":true,"m_FxEnabled":true},"in2DMode":false,"pivot":{"x":-1.661568522453308,"y":1.3497228622436524,"z":-1.0931724309921265},"rotation":{"x":-0.20293550193309785,"y":-0.48178350925445559,"z":0.11576347053050995,"w":-0.8445784449577332},"size":3.7483444213867189,"orthographic":false}